{
    "accuracy": 0.9868263473053892,
    "precision": 0.9758308157099698,
    "recall": 0.99079754601227,
    "f1_score": 0.9832572298325722,
    "roc_auc": 0.9984361252064073,
    "timestamp": "2026-06-03 20:50:39"
}